
INSERT INTO users (id, name, age) VALUES 
(1,'Cal', 8),
(2,'Mary', 12),
(3,'Karissa', 30),
(4,'Morgan', 20),
(5,'Renner', 18),
(6,'Anthony', 15),
(7,'Red', 44),
(8,'Hector', 35),
(9,'Vector', 22),
(10,'Hanako', 17),
(11,'Dolly', 14),
(12,'Pilahi', 4),
(13,'Megan', 11),
(14,'Meghan', 53),
(15,'Bary', 51),
(16,'Benny', 49),
(17,'Anita', 36),
(18,'Becca', 27),
(19,'Mo', 29),
(20,'Fortuna', 41);

INSERT INTO projects (id, title, category, funding_goal, start_date, end_date) VALUES
(1, 'Help me with Heath Insurance', 'Charity', 600, '5/1/20', '5/20/20'),
(2, 'Publish Poetry', 'Books', 40, '6/1/20', '8/1/20'),
(3, 'Help me pay for Therapy this month', 'Charity', 300, '8/1/20', '9/1/20'),
(4, 'Help me fix my car', 'Charity', 800, '5/1/20', '5/20/20'),
(5, 'Donate to Bird Rescue', 'Conservation', 100, '2/1/20', '3/15/20'),
(6, 'The roof really needs to be fixed', 'Charity', 10000, '4/1/20', '11/1/20'),
(7, 'Get my cat spayed', 'Animals', 150, '5/12/20', '5/25/20'),
(8, 'Help me go to Japanese Lessons', 'Language', 639, '7/30/20', '8/30/20'),
(9, 'I need to go back home to Hawaii', 'Travel', 1500, '4/17/20', '5/17/20'),
(10, 'Teach in Japan', 'Chairy', 4000, '9/1/20', '12/1/20');

INSERT INTO pledges (id, amount, user_id, project_id) VALUES
(1, 10, 1,1),
(2, 5, 1,2),
(3, 15, 1,3),
(4, 20, 1,4),
(5, 30, 2,5),
(6, 40, 2,6),
(7, 50, 2,7),
(8, 90, 2,8),
(9, 100, 3,9),
(10, 105, 3,10),
(11, 205, 1,9),
(12, 310, 2,8),
(13, 515, 3,7),
(14, 12, 4,6),
(15, 32, 5,5),
(16, 44, 6,4),
(17, 77, 7,3),
(18, 66, 8,2),
(19, 2, 9,1),
(20, 10, 10,2),
(21, 30, 11,4),
(22, 5, 12,6),
(23, 40, 13,8),
(24, 800, 14,10),
(25, 10, 15,1),
(26, 10, 16,3),
(27, 80, 17,5),
(28, 60, 18,7),
(29, 500, 19,9),
(30, 100, 20,1);